checkpoint,win_rate,tie_rate,avg_instruction_following,avg_correctness,avg_clarity,avg_completeness,avg_structured_output_validity,avg_hallucination_risk
ckpt0_base,0.6356589147286822,0.35175879396984927,4.236180904522613,4.28643216080402,4.4120603015075375,4.080402010050252,3.8844221105527637,4.522613065326633
ckpt1_stage1,0.41706161137440756,0.47117794486215536,4.082706766917293,4.0927318295739346,4.243107769423559,3.857142857142857,3.7869674185463658,4.290726817042606
ckpt2_stage2,0.5,0.59,4.255,4.23,4.36,4.025,3.955,4.375
