checkpoint,samples,avg_output_tokens,task_completion_rate,rouge1_f1,rouge2_f1,rougeL_f1,bertscore_f1_avg
ckpt0_base_ablate_ep2,200,359.81,0.955,0.17655208514838386,0.06910913345552638,0.12299744443506194,0.8323106169700623
ckpt1_stage1_ablate_ep2,200,377.955,0.955,0.16779456399954246,0.06524237489523474,0.11599682281123319,0.8365018367767334
ckpt2_stage2_ablate_ep2,200,377.495,0.96,0.16576021158913382,0.06470735241577522,0.11489950772205827,0.8365920186042786
