checkpoint,win_rate,tie_rate,avg_instruction_following,avg_correctness,avg_clarity,avg_completeness,avg_structured_output_validity,avg_hallucination_risk
ckpt0_base_ablate_ep2,0.536036036036036,0.4365482233502538,4.2055837563451774,4.2360406091370555,4.32994923857868,4.0456852791878175,3.9111675126903553,4.383248730964467
ckpt1_stage1_ablate_ep2,0.42105263157894735,0.5189873417721519,4.162025316455696,4.169620253164557,4.293670886075949,3.9240506329113924,3.9240506329113924,4.326582278481013
ckpt2_stage2_ablate_ep2,0.5353535353535354,0.5012594458438288,4.188916876574307,4.173803526448363,4.314861460957179,3.9848866498740554,3.929471032745592,4.340050377833753
