checkpoint,alpaca_judge_win_rate,rougeL_f1,bertscore_f1_avg,json_validity_rate,schema_compliance_rate,exact_match_rate
ckpt0_base,0.6356589147286822,0.12299744443506194,0.8323106169700623,1.0,0.35,0.35
ckpt1_stage1,0.41706161137440756,0.11599682281123319,0.8365018367767334,1.0,0.18,0.18
ckpt2_stage2,0.5,0.1145632849733451,0.8364865183830261,1.0,0.17,0.17
