checkpoint,alpaca_judge_win_rate,rougeL_f1,bertscore_f1_avg,json_validity_rate,schema_compliance_rate,exact_match_rate
ckpt0_base_ablate_ep2,0.536036036036036,0.12299744443506194,0.8323106169700623,1.0,0.35,0.35
ckpt1_stage1_ablate_ep2,0.42105263157894735,0.11599682281123319,0.8365018367767334,1.0,0.18,0.18
ckpt2_stage2_ablate_ep2,0.5353535353535354,0.11489950772205827,0.8365920186042786,1.0,0.17,0.17
